brand,property_name,city,room_type,image_id,image_name,image_url
,Hilbre Gardens,Liverpool,Silver,24,Aire - Bronze Studio - Image 2.png,https://hfs.api.basepms.com/filesystem/room_types/images/ZWjSZxGFjTQTlgyncMJ7iKlmLE3dS6v3VaI8U5gK.png
,Hilbre Gardens,Liverpool,Silver,25,Aire - Bronze Studio - Image 1.png,https://hfs.api.basepms.com/filesystem/room_types/images/c7bmiOFbHvMR0AfXGiaxPu6sHxUKYCwKFpAs7u51.png
,Aire,Stoke-on-Trent,Bronze Studio,1,Aire - Bronze Studio - Image 1.png,https://hfs.api.basepms.com/filesystem/room_types/images/v10Exc2W8xL1BllNywf6pe62ppNspJNiOiAEZJ8N.png
,Aire,Stoke-on-Trent,Bronze Studio,2,Aire - Bronze Studio - Image 2.png,https://hfs.api.basepms.com/filesystem/room_types/images/8x2Wrlx3Xe2mHXpSY8PU2PAZW2bn7oyBA2Pbg1F9.png
,Aire,Stoke-on-Trent,Bronze Studio,3,Aire - Bronze Studio - Image 3.png,https://hfs.api.basepms.com/filesystem/room_types/images/uTcrbdaRPsVHb86knCOwIqMOjycNaKYw7ck5k1ha.png
,Aire,Stoke-on-Trent,Bronze Studio,4,Aire - Bronze Studio - Image 4.png,https://hfs.api.basepms.com/filesystem/room_types/images/9AnLV0Uw87BxM5pPs6iemQmq2LPYIoWgroVgg9lO.png
,Aire,Stoke-on-Trent,Gold Plus Studio,17,Aire - Gold Plus Studio - Image 1.png,https://hfs.api.basepms.com/filesystem/room_types/images/nEvHeYwvaL4PLck2dsYCKmRReTlzg1EYygzGfgST.png
,Aire,Stoke-on-Trent,Gold Plus Studio,18,Aire - Gold Plus Studio - Image 2.png,https://hfs.api.basepms.com/filesystem/room_types/images/9So1rYWAw5pQZXNXLGfoqkVgrVX0ZQ5e0bDJRAfV.png
,Aire,Stoke-on-Trent,Gold Plus Studio,19,Aire - Gold Plus Studio - Image 3.png,https://hfs.api.basepms.com/filesystem/room_types/images/F30RFJacIbCovNDCjVlgWVB0KLDkpdDv6L5pKA30.png
,Aire,Stoke-on-Trent,Gold Plus Studio,20,Aire - Gold Studio - Image 4.png,https://hfs.api.basepms.com/filesystem/room_types/images/XUQtScXGsfl4Y6mg1IsPkI6DZYS4a4WdpLa5SJqe.png
,Aire,Stoke-on-Trent,Gold Studio,10830,student-accommodation-stoke-on-trent-aire-gold-studio-living-area.jpg,https://hfs.api.basepms.com/filesystem/room_types/images/aJ8c9uCK91P7BjBEzHcAwqlmAKFIqo6PvRRg1n9A.jpg
,Aire,Stoke-on-Trent,Gold Studio,10831,student-accommodation-stoke-on-trent-aire-gold-studio.jpg,https://hfs.api.basepms.com/filesystem/room_types/images/UEd8FqIoofbKZKgyQphUPaSWFgEH27fz638fOjFv.jpg
,Aire,Stoke-on-Trent,Gold Studio,10832,student-accommodation-stoke-on-trent-aire-gold-studio-kitchen.jpg,https://hfs.api.basepms.com/filesystem/room_types/images/UPL8MpoZrlr4QYMWb3CTmLhkjUuya7uJSQk8rNMa.jpg
,Aire,Stoke-on-Trent,Gold Studio,10833,student-accommodation-stoke-on-trent-aire-gold-studio-living-space-wc.jpg,https://hfs.api.basepms.com/filesystem/room_types/images/e8Jh9bbe77rCgCHGp5rwdV7m6ow6qddDjjMlZ0AG.jpg
,Aire,Stoke-on-Trent,Gold Studio,10834,student-accommodation-stoke-on-trent-aire-gold-studio-study-area.jpg,https://hfs.api.basepms.com/filesystem/room_types/images/pwD1UIiUkRUR0tSp6MBmV14eUxbmwo9Ux5Bj5WQx.jpg
,Aire,Stoke-on-Trent,Silver Studio,9,Aire - Silver Studio - Image 1.png,https://hfs.api.basepms.com/filesystem/room_types/images/nME1FdVOHN2UgEho0bgRgCfI0gcIRjpvu3qzN6fe.png
,Aire,Stoke-on-Trent,Silver Studio,10,Aire - Silver Studio - Image 2.png,https://hfs.api.basepms.com/filesystem/room_types/images/T2hTnkk7jSAACS1N4kVpZmtsuY5LPnApukxhrf3I.png
,Aire,Stoke-on-Trent,Silver Studio,11,Aire - Silver Studio - Image 3.png,https://hfs.api.basepms.com/filesystem/room_types/images/IDAgo8oGrUcvvSeyQdAfgrK0eWjmtojqHI1GeW1z.png
,Aire,Stoke-on-Trent,Silver Studio,12,Aire - Silver Studio - Image 4.png,https://hfs.api.basepms.com/filesystem/room_types/images/j1XANXl41BIE4cdjkLc9B3GxnA2kLgaxpjTdIIUu.png
,Aire,Stoke-on-Trent,Standard Studio,81,Aire - Bronze Studio - Image 1.png,https://hfs.api.basepms.com/filesystem/room_types/images/vtJOi02Gb04DCDOILCpDTLbisSQcSy6h2sKHqRDA.png
,Aire,Stoke-on-Trent,Standard Studio,82,Aire - Bronze Studio - Image 4.png,https://hfs.api.basepms.com/filesystem/room_types/images/dVuHvXGxqY988Oa54ybIxYfDIhukHmk5LrCPk6H4.png
,Aire,Stoke-on-Trent,Standard Studio,83,Aire - Bronze Studio - Image 2.png,https://hfs.api.basepms.com/filesystem/room_types/images/fCoj7Xo7JBvgzhnSfciHw3wIjW2jvfC2L4vVpaB4.png
,Aire,Stoke-on-Trent,Standard Studio,84,Aire - Bronze Studio - Image 3.png,https://hfs.api.basepms.com/filesystem/room_types/images/g74r9dlrb1aw3kFNIsLiaiXvPsYGfN1Y9A7D23KX.png
,Aire,Stoke-on-Trent,Twodio,10835,student-accommodation-stoke-on-trent-aire-twodio-apartment-bed.jpg,https://hfs.api.basepms.com/filesystem/room_types/images/6znytCY5QY6RzVREfePUwjagsSTxQA7z1j2CLg2M.jpg
,Aire,Stoke-on-Trent,Twodio,10836,student-accommodation-stoke-on-trent-aire-twodio-apartment-wc-.jpg,https://hfs.api.basepms.com/filesystem/room_types/images/EqrECdSGdpwPlaJMUNHfv9TGwskhYzkyENbzhORl.jpg
,Aire,Stoke-on-Trent,Twodio,10837,student-accommodation-stoke-on-trent-aire-twodio-apartment-sleep-tv.jpg,https://hfs.api.basepms.com/filesystem/room_types/images/AJLmPxrRoNiM6COiXiwjN6MirpSq62lU06ODLSj7.jpg
,Aire,Stoke-on-Trent,Twodio,10838,student-accommodation-stoke-on-trent-aire-twodio-apartment-kitchen.jpg,https://hfs.api.basepms.com/filesystem/room_types/images/eHJMn7mu28LZs8T6ICsYbevATcLez2C6GYdsbn8m.jpg
,Aire,Stoke-on-Trent,Twodio,10839,student-accommodation-stoke-on-trent-aire-twodio-apartment-worktops-kitchen.jpg,https://hfs.api.basepms.com/filesystem/room_types/images/l6R3785T4nqWPQQRPJWm3BgJZaoUpifATmJZlbdm.jpg
,Aire,Stoke-on-Trent,Twodio,10840,student-accommodation-stoke-on-trent-aire-twodio-apartment-wc-kitchen.jpg,https://hfs.api.basepms.com/filesystem/room_types/images/r5vSPHGAh9Q0Qt91MrHWdemDoCSu7ccooMVN5jnq.jpg
,Hassell's Bridge,Newcastle-under-Lyme,1 Bed Apartment,7674,student-accommodation-hassells-bridge-apartments-two-bed-apartment10.jpg,https://hfs.api.basepms.com/filesystem/room_types/images/1CCFnsnruPu1nhR4EFI4TsLi5hBrJLvKeMwRjW6D.jpg
,Hassell's Bridge,Newcastle-under-Lyme,2 Bed Apartment,7675,student-accommodation-hassells-bridge-apartments-two-bed-apartment10.jpg,https://hfs.api.basepms.com/filesystem/room_types/images/p3YCghidDwssEQhD4FEwkJxFKQbdaT4GvivHllSf.jpg
,Hassell's Bridge,Newcastle-under-Lyme,2 Bed Apartment,7676,student-accommodation-hassells-bridge-apartments-two-bed-apartment5.jpg,https://hfs.api.basepms.com/filesystem/room_types/images/T0tatxO7D8MpAPxbSE68JCgaJ8vKHbDeB9ZTGwMZ.jpg
,Hassell's Bridge,Newcastle-under-Lyme,2 Bed Apartment,7677,student-accommodation-hassells-bridge-apartments-two-bed-apartment6.jpg,https://hfs.api.basepms.com/filesystem/room_types/images/mnwCCL5gC0IOPOBNd1fi8RB8hMnu8miowF0qzZ5Q.jpg
,Hassell's Bridge,Newcastle-under-Lyme,2 Bed Apartment,7678,student-accommodation-hassells-bridge-apartments-two-bed-apartment7.jpg,https://hfs.api.basepms.com/filesystem/room_types/images/mNpvdesuZ7AfY7FVRw6EHj0cKI7vBEHigXMH0JFl.jpg
,Hassell's Bridge,Newcastle-under-Lyme,2 Bed Apartment,7679,student-accommodation-hassells-bridge-apartments-two-bed-apartment1.jpg,https://hfs.api.basepms.com/filesystem/room_types/images/ueqo8O61OaRcisc9WkIiSo7KdM6SwcWUfVOgwQcK.jpg
,Hassell's Bridge,Newcastle-under-Lyme,2 Bed Apartment,7680,student-accommodation-hassells-bridge-apartments-two-bed-apartment4.jpg,https://hfs.api.basepms.com/filesystem/room_types/images/GIBiomuzCEnM51hUMacLNjzg4mlUs2EifrgStPoO.jpg
,Hassell's Bridge,Newcastle-under-Lyme,2 Bed Apartment Ensuite Room,7681,student-accommodation-hassells-bridge-apartments-two-bed-apartment1.jpg,https://hfs.api.basepms.com/filesystem/room_types/images/b5oAQPobiZm1bybt3zNN0MK9mG0YluTty1yvVHlM.jpg
,Hassell's Bridge,Newcastle-under-Lyme,2 Bed Apartment Ensuite Room,7682,student-accommodation-hassells-bridge-apartments-two-bed-apartment2.jpg,https://hfs.api.basepms.com/filesystem/room_types/images/RiWSCvInXqOfS7Ml6DIq9s9rBC4v3w46XXsVdJKo.jpg
,Hassell's Bridge,Newcastle-under-Lyme,2 Bed Apartment Ensuite Room,7683,student-accommodation-hassells-bridge-apartments-two-bed-apartment4.jpg,https://hfs.api.basepms.com/filesystem/room_types/images/pMguBLEdzfuiIAYK5eorTsmXDos6ZfLyEfOqshL4.jpg
,Hassell's Bridge,Newcastle-under-Lyme,2 Bed Apartment Ensuite Room,7684,student-accommodation-hassells-bridge-apartments-two-bed-apartment5.jpg,https://hfs.api.basepms.com/filesystem/room_types/images/inD3k4S0Eyx2PRIp3VL1Ty27MVI5bmN6vnJTyovv.jpg
,Hassell's Bridge,Newcastle-under-Lyme,2 Bed Apartment Ensuite Room,7685,student-accommodation-hassells-bridge-apartments-two-bed-apartment10.jpg,https://hfs.api.basepms.com/filesystem/room_types/images/WRetq4MXIxiEhYnx1oj3j6ZIsHXEc48AaVekZYWW.jpg
,Hassell's Bridge,Newcastle-under-Lyme,2 Bed Apartment Ensuite Room,7686,student-accommodation-hassells-bridge-apartments-two-bed-apartment7.jpg,https://hfs.api.basepms.com/filesystem/room_types/images/Hq3GSYvcBStOO8l1ojOG7Vz1EWqW7HUVY1FRmB5t.jpg
,Hassell's Bridge,Newcastle-under-Lyme,4 Bed Apartment,7664,student-accommodation-newcastle-under-lyme-hassells-bridge-apartments-4-bed-apartment (9).jpg,https://hfs.api.basepms.com/filesystem/room_types/images/eNL46SekDw21lK7Cc30fGwZ7ljUcKFZVhIzMkXex.jpg
,Hassell's Bridge,Newcastle-under-Lyme,4 Bed Apartment,30,Hassell's Bridge - 4 Bed Apartment - Image 1.png,https://hfs.api.basepms.com/filesystem/room_types/images/N52LJseFOfiOA6YQEPtSGA3ztwwMCSmRouubNqD7.png
,Hassell's Bridge,Newcastle-under-Lyme,4 Bed Apartment,7665,student-accommodation-newcastle-under-lyme-hassells-bridge-apartments-4-bed-apartment (2).jpg,https://hfs.api.basepms.com/filesystem/room_types/images/XMeaN93yZtt5aGLQWwY0UiySX0tuPz4xEUK0EY0n.jpg
,Hassell's Bridge,Newcastle-under-Lyme,4 Bed Apartment,7666,student-accommodation-newcastle-under-lyme-hassells-bridge-apartments-4-bed-apartment (5).jpg,https://hfs.api.basepms.com/filesystem/room_types/images/1wOJeS2b8kGWJIMGPlcMlsr3Ux0IvMGpYXdVsSaj.jpg
,Hassell's Bridge,Newcastle-under-Lyme,4 Bed Apartment,7667,student-accommodation-newcastle-under-lyme-hassells-bridge-apartments-4-bed-apartment (1).jpg,https://hfs.api.basepms.com/filesystem/room_types/images/JtQ9cOMFHWV58MwzA1GEBsD6n2K7egzRJKlrgGGM.jpg
,Hassell's Bridge,Newcastle-under-Lyme,4 Bed Apartment,7668,student-accommodation-newcastle-under-lyme-hassells-bridge-apartments-4-bed-apartment (3).jpg,https://hfs.api.basepms.com/filesystem/room_types/images/U9XAI95Xty3d8tJf8hWSJcm6nX0mABOhljLGvWPZ.jpg
,Hassell's Bridge,Newcastle-under-Lyme,4 Bed Apartment,7669,student-accommodation-newcastle-under-lyme-hassells-bridge-apartments-4-bed-apartment (4).jpg,https://hfs.api.basepms.com/filesystem/room_types/images/dKQT8sbLuX9vbnmQnkAwE6KpMJxzlNcCIM1vNKhk.jpg
,Hassell's Bridge,Newcastle-under-Lyme,4 Bed Apartment,7670,student-accommodation-newcastle-under-lyme-hassells-bridge-apartments-4-bed-apartment (7).jpg,https://hfs.api.basepms.com/filesystem/room_types/images/uLHZfDwvMUGk1gz2Btsnzh3uB6q4ObGpqTl6x8Yt.jpg
,Hassell's Bridge,Newcastle-under-Lyme,4 Bed Apartment,7671,student-accommodation-newcastle-under-lyme-hassells-bridge-apartments-4-bed-apartment (8).jpg,https://hfs.api.basepms.com/filesystem/room_types/images/NzvCwFPzF6jvAadk3JYdwSoGSZ2Ar0Rgtl0iQxWt.jpg
,Hassell's Bridge,Newcastle-under-Lyme,4 Bed Apartment Ensuite Room,7672,RAH_9308.jpg,https://hfs.api.basepms.com/filesystem/room_types/images/7z3VggDyHO9fZvVdF0nuIksplOhRBc1rBWDECVTz.jpg
,Hassell's Bridge,Newcastle-under-Lyme,4 Bed Apartment Ensuite Room,7673,RAH_9622 Leaf.jpg,https://hfs.api.basepms.com/filesystem/room_types/images/2QC3jeVp8Hdcyrj98gJnocCZuJDvmtNMOVJ1tYpo.jpg
,Leighton Hall,Preston,Ensuite,7049,student-accommodation-preston-leighton-hall-premium-en-suite-wc.jpg,https://hfs.api.basepms.com/filesystem/room_types/images/WXUNZNKsWwMt0x4KPVgyXnzgtWY6NewzVGWIhBw4.jpg
,Leighton Hall,Preston,Ensuite,7050,student-accommodation-preston-leighton-hall-premium-en-suite.jpg,https://hfs.api.basepms.com/filesystem/room_types/images/ElkKrmqSmW6u5heBwfawWHqySZw31zyJbeO3HiA5.jpg
,Leighton Hall,Preston,Ensuite,7051,student-accommodation-preston-leighton-hall-premium-en-suite-bed-living-space.jpg,https://hfs.api.basepms.com/filesystem/room_types/images/R6yhzcSwfpKXzHmSsWwPpUd0NZF7AKQ6iJFK6gJY.jpg
,Leighton Hall,Preston,Ensuite,7052,student-accommodation-preston-leighton-hall-premium-en-suite-study-desk.jpg,https://hfs.api.basepms.com/filesystem/room_types/images/nvGw2mX35575oafHlLddceI4MpNinkQOBo4shfjW.jpg
,Leighton Hall,Preston,Studio,33,Leighton Hall - Studio - Image 1.png,https://hfs.api.basepms.com/filesystem/room_types/images/nG4tRBbPgk3V2n8nQOXY51axPGxIp6C4ToD07JPO.png
,Keele House,Newcastle-under-Lyme,Classic Studio,36,Keele House - Classic Studio - Image 1.png,https://hfs.api.basepms.com/filesystem/room_types/images/CrhteA7DB5ZG2gTVy4hkmQwQ4g7dEFifmyOplzT1.png
,Keele House,Newcastle-under-Lyme,Classic Studio,4065,Keele_House_classic-studio_03.jpg,https://hfs.api.basepms.com/filesystem/room_types/images/C4pdv8LteI3UuGjISP1hygGNXYdFjRVKh1c6Qx87.jpg
,Keele House,Newcastle-under-Lyme,Classic Studio,4066,Keele_House_classic-studio_02.jpg,https://hfs.api.basepms.com/filesystem/room_types/images/bDXI7Wfe0XYdg0kthRx5tvYC0z2IlVWvneQ13iiA.jpg
,Keele House,Newcastle-under-Lyme,Deluxe Studio,38,Keele House - Deluxe Studio - Image 1.png,https://hfs.api.basepms.com/filesystem/room_types/images/HfPtfoXkDL23NIP7I60XpOTofBXEnoAYEZPQfx7m.png
,Keele House,Newcastle-under-Lyme,Lower Floor Deluxe Studio,35,Keele House - Lower Floor Deluxe Studio - Image 1.png,https://hfs.api.basepms.com/filesystem/room_types/images/P0veMIvU6zG4BOU26Cep1qSAueJI091M3xczlYNS.png
,Keele House,Newcastle-under-Lyme,Lower Floor Premier Studio,37,Keele House - Lower Floor Premier Studio - Image 1.png,https://hfs.api.basepms.com/filesystem/room_types/images/G09kKtBBmXgNEyKJXvKJczXL3O3u7nnJd7knvOMv.png
,Keele House,Newcastle-under-Lyme,Lower Floor Studio,34,Keele House - Lower Floor Studio - Image 1.png,https://hfs.api.basepms.com/filesystem/room_types/images/HdBr8P5ANCsh9QDMugmNZI4NxpdzdDmN5J9U9zs7.png
,Keele House,Newcastle-under-Lyme,Premier Studio,39,Keele House - Premier Studio - Image 1.png,https://hfs.api.basepms.com/filesystem/room_types/images/yv1x1RTI1hH8QApfgdYCKqgBFhGgwMlhC8P788Yg.png
,Keele House,Newcastle-under-Lyme,Top Floor Deluxe Studio,41,Keele House - Penthouse Deluxe Studio - Image 1.png,https://hfs.api.basepms.com/filesystem/room_types/images/WLVHG130DehYprxGC8M5Bib2QZaXYSvLvIsKaUdj.png
,Keele House,Newcastle-under-Lyme,Top Floor Deluxe Studio,4070,Keele_House_top-floor-deluxe-studio_03.jpg,https://hfs.api.basepms.com/filesystem/room_types/images/4MteTnVUBhdQBKibbRcqfvBmUfMD3wsbc4LRwyHI.jpg
,Keele House,Newcastle-under-Lyme,Top Floor Deluxe Studio,4071,Keele_House_top-floor-deluxe-studio_02.jpg,https://hfs.api.basepms.com/filesystem/room_types/images/cEwaU29Pr4mYqjnEL6DDQASeRRmDyO38JktjNn8A.jpg
,Keele House,Newcastle-under-Lyme,Top Floor Premier Studio,42,Keele House - Penthouse Premier Studio - Image 1.png,https://hfs.api.basepms.com/filesystem/room_types/images/lNNfjw1LznQ64beNpP505obubzHkugIyVXQWGaSG.png
,Keele House,Newcastle-under-Lyme,Top Floor Premier Studio,4072,Keele_House_top-floor-premier-studio_02.jpg,https://hfs.api.basepms.com/filesystem/room_types/images/Aabb2Vrzvbn7e8GMllsD6ksHcXYbnBTCVepNVjzR.jpg
,Keele House,Newcastle-under-Lyme,Top Floor Premier Studio,4073,Keele_House_top-floor-premier-studio_04.jpg,https://hfs.api.basepms.com/filesystem/room_types/images/4Ix4qmmjcNYSsrWPFf41GveOHxfWyO1pMyyPMOfr.jpg
,Keele House,Newcastle-under-Lyme,Top Floor Premier Studio,4074,Keele_House_top-floor-premier-studio_03.jpg,https://hfs.api.basepms.com/filesystem/room_types/images/odvFvA5B2V4exNr1bd8UvLDUxAwnh0GXvU6VlWua.jpg
,Keele House,Newcastle-under-Lyme,Top Floor Studio,40,Keele House - Penthouse Studio - Image 1.png,https://hfs.api.basepms.com/filesystem/room_types/images/IXzBqTBl16hdaAcwSa6aWZ6DfI1eVeEuQyEbri9I.png
,Keele House,Newcastle-under-Lyme,Top Floor Studio,4067,Keele_House_top-floor-studio_04.jpg,https://hfs.api.basepms.com/filesystem/room_types/images/MAb4DP4QO3Q91zyKQO0WMRD2hZGd4mQdDyu7VcfJ.jpg
,Keele House,Newcastle-under-Lyme,Top Floor Studio,4068,Keele_House_top-floor-studio_02.jpg,https://hfs.api.basepms.com/filesystem/room_types/images/IswnXbUCQAPP6F9auOndj3wO9bbUUBpvZFxoBnzY.jpg
,Keele House,Newcastle-under-Lyme,Top Floor Studio,4069,Keele_House_top-floor-studio_03.jpg,https://hfs.api.basepms.com/filesystem/room_types/images/QlVZLcfxKofLvizivCFPgqC3kIThSgR2pSTSC8Ky.jpg
